user_id,question_id,topic_id,correct,response_time,fsrs_rating,theta_before,theta_after,posterior_sd,created_at
2214b48b-0206-476d-8184-337281da959c,241,9,false,7.133,1,0,-0.440731679203721,0.89724036693526,2026-06-04 08:59:55.655294
2214b48b-0206-476d-8184-337281da959c,232,9,false,11.321,2,-0.440731679203721,-0.453225190598792,0.77362074897568,2026-06-04 09:00:09.875118
2214b48b-0206-476d-8184-337281da959c,233,9,true,10.302,3,-0.453225190598792,-0.136945261260353,0.72496340274783,2026-06-04 09:00:25.306728
2214b48b-0206-476d-8184-337281da959c,244,9,false,5.056,2,-0.136945261260353,-0.31582098814814,0.683220283531907,2026-06-04 09:00:35.156366
2214b48b-0206-476d-8184-337281da959c,243,9,false,4.487,2,-0.31582098814814,-0.45809831958541,0.652838856149533,2026-06-04 09:00:48.037211
2214b48b-0206-476d-8184-337281da959c,234,9,true,3.903,3,-0.45809831958541,-0.268136339458968,0.616480915218043,2026-06-04 09:00:56.600022
2214b48b-0206-476d-8184-337281da959c,241,9,false,8.471,1,-0.268136339458968,-0.431905993004986,0.590814149446213,2026-06-04 09:01:09.986054
2214b48b-0206-476d-8184-337281da959c,239,9,false,6.779,2,-0.431905993004986,-0.561210827685271,0.573745347540992,2026-06-04 09:01:24.184776
2214b48b-0206-476d-8184-337281da959c,229,9,true,3.961,4,-0.561210827685271,-0.404469437330887,0.546354177628557,2026-06-04 09:01:30.323638
2214b48b-0206-476d-8184-337281da959c,237,9,true,9.316,3,-0.404469437330887,-0.208641556081399,0.525278432587667,2026-06-04 09:01:42.168902
2214b48b-0206-476d-8184-337281da959c,242,9,false,20.536,2,-0.208641556081399,-0.119722070127708,0.490892281247376,2026-06-04 09:02:05.503303
2214b48b-0206-476d-8184-337281da959c,231,9,true,3.444,4,-0.119722070127708,-0.0598088074637347,0.483805849537216,2026-06-04 09:02:11.960315
2214b48b-0206-476d-8184-337281da959c,241,9,false,4.125,1,-0.0598088074637347,-0.176617372829038,0.470123946205591,2026-06-04 09:02:18.02302
2214b48b-0206-476d-8184-337281da959c,230,9,true,4.476,3,-0.176617372829038,-0.110219143505916,0.458272952438679,2026-06-04 09:02:30.084332
2214b48b-0206-476d-8184-337281da959c,227,9,true,5.97,4,-0.110219143505916,-0.0692924802554727,0.452324858958459,2026-06-04 09:02:38.89134
2214b48b-0206-476d-8184-337281da959c,228,9,true,2.414,4,-0.0692924802554727,-0.0303463170397569,0.44677588971646,2026-06-04 09:02:43.285618
2214b48b-0206-476d-8184-337281da959c,235,9,true,5.055,4,-0.0303463170397569,0.0272375733979278,0.44298819522528,2026-06-04 09:02:50.509708
2214b48b-0206-476d-8184-337281da959c,236,9,true,10.809,3,0.0272375733979278,0.0829677732188345,0.439130922397123,2026-06-04 09:03:03.456959
2214b48b-0206-476d-8184-337281da959c,240,9,false,3.886,1,0.0829677732188345,0.00392688539374671,0.42821541249912,2026-06-04 09:03:09.243699
2214b48b-0206-476d-8184-337281da959c,238,9,false,9.309,1,0.00392688539374671,-0.104960967762531,0.420798006403834,2026-06-04 09:03:21.079976
2214b48b-0206-476d-8184-337281da959c,241,9,false,6.66,1,-0.104960967762531,-0.192426763650369,0.412094221764571,2026-06-04 09:03:30.186607
2214b48b-0206-476d-8184-337281da959c,245,9,false,4.344,1,-0.192426763650369,-0.232153078567064,0.405551643254326,2026-06-04 09:03:37.945333
2214b48b-0206-476d-8184-337281da959c,246,9,true,15.894,3,-0.232153078567064,-0.0646562065550196,0.395618173044955,2026-06-04 09:03:57.261904
2214b48b-0206-476d-8184-337281da959c,248,9,true,2.298,3,-0.0646562065550196,0.0740863649999577,0.385254988040803,2026-06-04 09:04:06.350816
2214b48b-0206-476d-8184-337281da959c,249,9,true,22.413,3,0.0740863649999577,0.200886339424701,0.37602304569354,2026-06-04 09:04:32.818642
2214b48b-0206-476d-8184-337281da959c,240,9,false,4.202,1,0.200886339424701,0.137913629903897,0.369262060000961,2026-06-04 09:04:39.398818
2214b48b-0206-476d-8184-337281da959c,238,9,true,18.695,3,0.137913629903897,0.215328076923054,0.362436861080525,2026-06-04 09:05:01.661494
2214b48b-0206-476d-8184-337281da959c,245,9,true,4.617,4,0.215328076923054,0.26536949174813,0.362956183101897,2026-06-04 09:05:08.732796
2214b48b-0206-476d-8184-337281da959c,241,9,false,17.624,2,0.26536949174813,0.281253726914552,0.350279367236684,2026-06-04 09:05:28.658652
2214b48b-0206-476d-8184-337281da959c,247,9,false,12.465,1,0.281253726914552,0.219503726843565,0.343797862196871,2026-06-04 09:05:45.397572
2214b48b-0206-476d-8184-337281da959c,232,9,true,2.978,4,0.219503726843565,0.270860334606526,0.338295748752936,2026-06-04 09:05:52.753069
2214b48b-0206-476d-8184-337281da959c,240,9,true,10.604,3,0.270860334606526,0.30967458932218,0.336544302048673,2026-06-04 09:06:05.79084
2214b48b-0206-476d-8184-337281da959c,244,9,true,1.945,3,0.30967458932218,0.376020976787764,0.330513170222142,2026-06-04 09:06:11.340693
2214b48b-0206-476d-8184-337281da959c,239,9,true,2.493,3,0.376020976787764,0.419616939712826,0.326117049104114,2026-06-04 09:10:44.952724
2214b48b-0206-476d-8184-337281da959c,233,9,true,9.859,3,0.419616939712826,0.461020326738918,0.322087886831835,2026-06-04 09:10:58.462195
2214b48b-0206-476d-8184-337281da959c,234,9,false,2.479,2,0.461020326738918,0.38799665476814,0.318663016606879,2026-06-04 09:11:05.849227
2214b48b-0206-476d-8184-337281da959c,243,9,false,2.813,2,0.38799665476814,0.337020964697813,0.314096223286154,2026-06-04 09:11:13.00352
2214b48b-0206-476d-8184-337281da959c,241,9,false,1.813,1,0.337020964697813,0.274842120146641,0.31005923870602,2026-06-04 09:11:17.233472
2214b48b-0206-476d-8184-337281da959c,242,9,false,1.902,1,0.274842120146641,0.215880764536648,0.306308307504485,2026-06-04 09:11:21.611845
2214b48b-0206-476d-8184-337281da959c,247,9,false,3.604,1,0.215880764536648,0.1702967651107,0.302054905633283,2026-06-04 09:11:27.231819
2214b48b-0206-476d-8184-337281da959c,236,9,true,5.462,4,0.1702967651107,0.195627089384419,0.300319361950992,2026-06-04 09:13:21.461178
2214b48b-0206-476d-8184-337281da959c,230,9,true,3.391,4,0.195627089384419,0.216654369786645,0.297641659893554,2026-06-04 09:13:28.089888
2214b48b-0206-476d-8184-337281da959c,237,9,true,3.049,4,0.216654369786645,0.26596902336678,0.294011656688358,2026-06-04 09:13:33.820773
2214b48b-0206-476d-8184-337281da959c,241,9,false,13.437,1,0.26596902336678,0.213011428266529,0.290784885308604,2026-06-04 09:13:53.839495
2214b48b-0206-476d-8184-337281da959c,242,9,false,11.939,2,0.213011428266529,0.225823755514159,0.28411909767608,2026-06-04 09:14:08.772556
2214b48b-0206-476d-8184-337281da959c,246,9,true,8.149,4,0.225823755514159,0.30341112789886,0.281007041042481,2026-06-04 09:14:19.717248
2214b48b-0206-476d-8184-337281da959c,248,9,true,2.807,3,0.30341112789886,0.367497127042441,0.277338922608562,2026-06-04 09:14:28.151557
2214b48b-0206-476d-8184-337281da959c,247,9,false,4.896,1,0.367497127042441,0.326039690220007,0.273843762833586,2026-06-04 09:14:35.279416
2214b48b-0206-476d-8184-337281da959c,249,9,true,2.544,3,0.326039690220007,0.38648082035827,0.270405587025611,2026-06-04 09:14:44.339811
2214b48b-0206-476d-8184-337281da959c,240,9,false,7.719,1,0.38648082035827,0.349527779766684,0.267672709731425,2026-06-04 09:16:21.932093
2214b48b-0206-476d-8184-337281da959c,238,9,true,11.232,3,0.349527779766684,0.387322568116742,0.265136278222953,2026-06-04 09:16:37.172908
2214b48b-0206-476d-8184-337281da959c,244,9,true,2.615,3,0.387322568116742,0.427485211198791,0.262278820432093,2026-06-04 09:16:43.359721
2214b48b-0206-476d-8184-337281da959c,243,9,true,3.594,3,0.427485211198791,0.466004749591809,0.25959587675764,2026-06-04 09:16:50.705439
2214b48b-0206-476d-8184-337281da959c,241,9,true,6.584,4,0.466004749591809,0.512595064799618,0.257268614593765,2026-06-04 09:17:09.274608
2214b48b-0206-476d-8184-337281da959c,247,9,false,22.504,1,0.512595064799618,0.47350917294823,0.254216232165865,2026-06-04 09:17:34.805792
2214b48b-0206-476d-8184-337281da959c,240,9,false,4.701,1,0.47350917294823,0.439138640634473,0.251798301993727,2026-06-04 09:17:45.093647
2214b48b-0206-476d-8184-337281da959c,234,9,true,3.966,3,0.439138640634473,0.456907697198929,0.250180916354436,2026-06-04 09:25:27.264957
2214b48b-0206-476d-8184-337281da959c,240,9,false,1.989,1,0.456907697198929,0.423902795466637,0.247885500668982,2026-06-04 09:25:38.858569
2214b48b-0206-476d-8184-337281da959c,239,9,true,1.908,3,0.423902795466637,0.447951889962705,0.246064082373598,2026-06-04 09:25:44.350144
2214b48b-0206-476d-8184-337281da959c,242,9,true,15.557,3,0.447951889962705,0.490200644776146,0.244053020373084,2026-06-04 09:26:07.613505
2214b48b-0206-476d-8184-337281da959c,247,9,true,7.712,4,0.490200644776146,0.544180085872561,0.242315543411425,2026-06-04 09:26:17.618397
2214b48b-0206-476d-8184-337281da959c,240,9,true,2.524,4,0.544180085872561,0.562941460494507,0.241595065010778,2026-06-04 09:27:25.675671
2214b48b-0206-476d-8184-337281da959c,243,9,false,2.092,2,0.562941460494507,0.530318901177263,0.239407168064034,2026-06-04 09:27:31.7547
2214b48b-0206-476d-8184-337281da959c,211,10,true,2.934,4,0,0.21265513648086,0.960302260616898,2026-06-04 09:06:39.523284
2214b48b-0206-476d-8184-337281da959c,220,10,true,8.832,3,0.21265513648086,0.475817457705493,0.934737100728762,2026-06-04 09:06:50.387287
2214b48b-0206-476d-8184-337281da959c,217,10,false,2.035,1,0.475817457705493,0.0873552821175652,0.861464372225168,2026-06-04 09:06:54.351714
2214b48b-0206-476d-8184-337281da959c,219,10,true,4.607,4,0.0873552821175652,0.309148256438457,0.837091737530654,2026-06-04 09:07:00.885609
2214b48b-0206-476d-8184-337281da959c,218,10,false,3.44,1,0.309148256438457,0.014098386096328,0.792850588639895,2026-06-04 09:07:06.252701
2214b48b-0206-476d-8184-337281da959c,208,10,true,11.976,3,0.014098386096328,0.154142203284512,0.757107966749548,2026-06-04 09:07:20.771043
2214b48b-0206-476d-8184-337281da959c,221,10,true,3.876,4,0.154142203284512,0.329014262659961,0.733543743701018,2026-06-04 09:07:26.678725
2214b48b-0206-476d-8184-337281da959c,215,10,true,1.74,4,0.329014262659961,0.458555462522263,0.705168304418642,2026-06-04 09:07:30.2987
2214b48b-0206-476d-8184-337281da959c,223,10,false,8.386,1,0.458555462522263,0.273204697131567,0.673589204528004,2026-06-04 09:07:40.80503
2214b48b-0206-476d-8184-337281da959c,214,10,true,2.312,4,0.273204697131567,0.386169804742707,0.648502216184656,2026-06-04 09:07:45.535092
2214b48b-0206-476d-8184-337281da959c,226,10,false,3.015,1,0.386169804742707,0.235537038499449,0.626392406215873,2026-06-04 09:07:50.764759
2214b48b-0206-476d-8184-337281da959c,216,10,true,10.916,3,0.235537038499449,0.335580393039789,0.604099608698534,2026-06-04 09:08:04.384851
2214b48b-0206-476d-8184-337281da959c,217,10,true,2.179,4,0.335580393039789,0.448526155248398,0.585810628829414,2026-06-04 09:08:08.453725
2214b48b-0206-476d-8184-337281da959c,218,10,false,1.759,1,0.448526155248398,0.281762047547072,0.574411061446939,2026-06-04 09:08:12.119762
2214b48b-0206-476d-8184-337281da959c,213,10,true,2.246,4,0.281762047547072,0.365588636740137,0.556065033030756,2026-06-04 09:08:16.308041
2214b48b-0206-476d-8184-337281da959c,222,10,false,3.094,1,0.365588636740137,0.254709600156646,0.543311230908719,2026-06-04 09:08:21.3102
2214b48b-0206-476d-8184-337281da959c,210,10,true,3.959,4,0.254709600156646,0.316707177942742,0.526833473382095,2026-06-04 09:08:27.517079
2214b48b-0206-476d-8184-337281da959c,225,10,false,3.862,1,0.316707177942742,0.2202699145789,0.516511656296017,2026-06-04 09:08:33.332103
2214b48b-0206-476d-8184-337281da959c,212,10,true,4.506,4,0.2202699145789,0.277440810205799,0.501892273782627,2026-06-04 09:08:42.25321
2214b48b-0206-476d-8184-337281da959c,223,10,true,5.152,4,0.277440810205799,0.368955316910318,0.494841676221114,2026-06-04 09:08:49.427033
2214b48b-0206-476d-8184-337281da959c,226,10,true,4.175,4,0.368955316910318,0.458369180761878,0.487068805008183,2026-06-04 09:08:55.838381
2214b48b-0206-476d-8184-337281da959c,209,10,true,4.041,4,0.458369180761878,0.503287621901907,0.47605465109866,2026-06-04 09:09:01.904195
2214b48b-0206-476d-8184-337281da959c,224,10,true,3.369,4,0.503287621901907,0.586388206365122,0.468641908349806,2026-06-04 09:09:07.159764
2214b48b-0206-476d-8184-337281da959c,205,10,true,9.703,3,0.586388206365122,0.614150171747514,0.461298526633026,2026-06-04 09:09:19.313426
2214b48b-0206-476d-8184-337281da959c,218,10,true,4.351,4,0.614150171747514,0.677736614191929,0.452002685186864,2026-06-04 09:09:25.705733
2214b48b-0206-476d-8184-337281da959c,222,10,true,4.175,4,0.677736614191929,0.751899705474774,0.445329004782216,2026-06-04 09:09:32.009875
2214b48b-0206-476d-8184-337281da959c,225,10,false,5.977,1,0.751899705474774,0.656305209993683,0.436345156516748,2026-06-04 09:09:40.202393
2214b48b-0206-476d-8184-337281da959c,206,10,true,4.065,4,0.656305209993683,0.679052896715857,0.430741296277616,2026-06-04 09:09:46.945968
2214b48b-0206-476d-8184-337281da959c,204,10,true,1.985,4,0.679052896715857,0.700786671644774,0.425621534073699,2026-06-04 09:09:51.188797
2214b48b-0206-476d-8184-337281da959c,207,10,true,4.546,4,0.700786671644774,0.721610110013589,0.420916927075446,2026-06-04 09:09:58.081329
2214b48b-0206-476d-8184-337281da959c,225,10,false,6.922,1,0.721610110013589,0.637329033635171,0.412763937106891,2026-06-04 09:11:58.677945
2214b48b-0206-476d-8184-337281da959c,225,10,true,2.211,4,0.637329033635171,0.700294209470047,0.407624379387377,2026-06-04 09:13:38.239293
2214b48b-0206-476d-8184-337281da959c,220,10,true,6.719,3,0.700294209470047,0.748994472121716,0.401082951756874,2026-06-04 09:17:00.329807
2214b48b-0206-476d-8184-337281da959c,208,10,true,7.973,3,0.748994472121716,0.774357688363726,0.396284803217353,2026-06-04 09:17:55.754522
2214b48b-0206-476d-8184-337281da959c,216,10,true,3.901,4,0.774357688363726,0.807243497385396,0.391266933032794,2026-06-04 09:25:34.948906
2214b48b-0206-476d-8184-337281da959c,205,10,true,3.68,4,0.807243497385396,0.823322681545414,0.388085231361536,2026-06-04 09:25:50.004943
6293e2c8-bd14-4301-9321-13c537b29436,165,9,true,23.828,3,0,0.330398327075966,0.91683536499435,2026-06-04 08:37:37.914091
6293e2c8-bd14-4301-9321-13c537b29436,173,9,false,6.586,2,0.330398327075966,-0.0212929769824067,0.830089015711148,2026-06-04 08:38:01.700579
6293e2c8-bd14-4301-9321-13c537b29436,164,9,true,20.378,3,-0.0212929769824067,0.280021463947421,0.773247365422239,2026-06-04 08:38:25.725831
6293e2c8-bd14-4301-9321-13c537b29436,176,9,true,8.068,4,0.280021463947421,0.770527210701875,0.725494257288771,2026-06-04 08:38:36.797956
6293e2c8-bd14-4301-9321-13c537b29436,171,9,true,3.734,4,0.770527210701875,1.05223352959616,0.682821021622938,2026-06-04 08:40:42.901372
6293e2c8-bd14-4301-9321-13c537b29436,174,9,false,58.992,2,1.05223352959616,0.764426177262181,0.638617460612876,2026-06-04 08:41:54.654241
6293e2c8-bd14-4301-9321-13c537b29436,178,9,false,2.463,1,0.764426177262181,0.57514828659237,0.600295665021646,2026-06-04 08:42:11.23899
6293e2c8-bd14-4301-9321-13c537b29436,177,9,false,6.466,1,0.57514828659237,0.374148800361905,0.570377676751235,2026-06-04 08:42:19.948966
6293e2c8-bd14-4301-9321-13c537b29436,172,9,true,4.26,4,0.374148800361905,0.58858006900457,0.542827266462654,2026-06-04 08:42:27.742655
6293e2c8-bd14-4301-9321-13c537b29436,168,9,true,3.141,4,0.58858006900457,0.720472452507898,0.52371250590009,2026-06-04 08:42:33.234888
6293e2c8-bd14-4301-9321-13c537b29436,169,9,false,15.759,1,0.720472452507898,0.521979929990514,0.511291760111214,2026-06-04 08:42:51.18829
6293e2c8-bd14-4301-9321-13c537b29436,170,9,true,3.217,3,0.521979929990514,0.615629395533397,0.496333260837164,2026-06-04 08:43:00.19818
6293e2c8-bd14-4301-9321-13c537b29436,167,9,true,3.475,4,0.615629395533397,0.670663752745579,0.489744003456559,2026-06-04 08:43:05.6985
6293e2c8-bd14-4301-9321-13c537b29436,166,9,true,4.502,4,0.670663752745579,0.722848401599903,0.4835120069341,2026-06-04 08:43:12.158241
6293e2c8-bd14-4301-9321-13c537b29436,178,9,false,3.721,2,0.722848401599903,0.612651174569613,0.465259043104876,2026-06-04 08:43:29.203086
6293e2c8-bd14-4301-9321-13c537b29436,177,9,false,9.261,2,0.612651174569613,0.65856199236192,0.436276128051435,2026-06-04 08:43:41.553831
6293e2c8-bd14-4301-9321-13c537b29436,173,9,false,2.965,2,0.65856199236192,0.551184811965508,0.425383065386062,2026-06-04 08:43:51.07487
6293e2c8-bd14-4301-9321-13c537b29436,169,9,false,16.806,2,0.551184811965508,0.510349588226795,0.409641764655789,2026-06-04 08:44:23.569219
6293e2c8-bd14-4301-9321-13c537b29436,163,9,true,2.503,4,0.510349588226795,0.540920570853186,0.405393245666219,2026-06-04 08:44:29.007404
6293e2c8-bd14-4301-9321-13c537b29436,163,9,true,2.968,4,0.540920570853186,0.570297247469247,0.401396791490182,2026-06-04 08:44:29.532347
6293e2c8-bd14-4301-9321-13c537b29436,175,9,false,11.468,1,0.570297247469247,0.500554823229447,0.391766206798666,2026-06-04 08:44:42.738421
6293e2c8-bd14-4301-9321-13c537b29436,162,9,true,4.614,3,0.500554823229447,0.529036175909739,0.386917925945342,2026-06-04 08:44:53.319614
6293e2c8-bd14-4301-9321-13c537b29436,161,9,false,11.06,2,0.529036175909739,0.441969433605497,0.378828603282984,2026-06-04 08:45:06.975914
6293e2c8-bd14-4301-9321-13c537b29436,159,9,true,2.302,4,0.441969433605497,0.461620584269988,0.37592676778177,2026-06-04 08:45:12.774736
6293e2c8-bd14-4301-9321-13c537b29436,160,9,true,4.32,4,0.461620584269988,0.480687660257301,0.37316888055998,2026-06-04 08:45:19.234744
6293e2c8-bd14-4301-9321-13c537b29436,165,9,false,3.556,2,0.480687660257301,0.382921034445609,0.368494804479914,2026-06-04 08:49:46.101353
6293e2c8-bd14-4301-9321-13c537b29436,164,9,false,6.957,2,0.382921034445609,0.333456325735829,0.359046558658883,2026-06-04 08:49:55.739263
6293e2c8-bd14-4301-9321-13c537b29436,169,9,false,6.425,1,0.333456325735829,0.246536958497721,0.354945192275616,2026-06-04 08:50:05.479966
6293e2c8-bd14-4301-9321-13c537b29436,175,9,true,4.127,4,0.246536958497721,0.294708885503088,0.355160063715254,2026-06-04 08:50:29.066788
6293e2c8-bd14-4301-9321-13c537b29436,173,9,true,2.473,3,0.294708885503088,0.368831113410984,0.347929357450426,2026-06-04 08:50:35.236426
6293e2c8-bd14-4301-9321-13c537b29436,161,9,true,7.104,4,0.368831113410984,0.40433938852559,0.343401590743589,2026-06-04 08:50:44.751124
6293e2c8-bd14-4301-9321-13c537b29436,174,9,false,2.749,2,0.40433938852559,0.344855480656148,0.337888613834383,2026-06-04 08:51:05.964304
6293e2c8-bd14-4301-9321-13c537b29436,169,9,true,6.837,4,0.344855480656148,0.404555464981588,0.332852865393664,2026-06-04 08:51:15.60661
6293e2c8-bd14-4301-9321-13c537b29436,178,9,true,2.975,3,0.404555464981588,0.490032990044359,0.326882219360079,2026-06-04 08:51:23.857872
6293e2c8-bd14-4301-9321-13c537b29436,177,9,false,6.107,1,0.490032990044359,0.428600860887181,0.321030112284788,2026-06-04 08:51:32.818549
6293e2c8-bd14-4301-9321-13c537b29436,183,10,true,26.999,2,0,0.21265513648086,0.960302260616898,2026-06-04 08:39:06.49347
6293e2c8-bd14-4301-9321-13c537b29436,194,10,false,14.219,1,0.21265513648086,-0.146632277066706,0.874462836406754,2026-06-04 08:39:26.573647
6293e2c8-bd14-4301-9321-13c537b29436,184,10,true,3.908,4,-0.146632277066706,0.0299747773263758,0.841519300620553,2026-06-04 08:39:32.451987
6293e2c8-bd14-4301-9321-13c537b29436,187,10,false,10.242,1,0.0299747773263758,-0.348313603170973,0.796502845760012,2026-06-04 08:39:45.244573
6293e2c8-bd14-4301-9321-13c537b29436,185,10,true,4.314,4,-0.348313603170973,-0.189005919173046,0.76965853438231,2026-06-04 08:39:51.453112
6293e2c8-bd14-4301-9321-13c537b29436,188,10,true,8.343,3,-0.189005919173046,-0.0467205822894904,0.743557828063437,2026-06-04 08:40:02.315956
6293e2c8-bd14-4301-9321-13c537b29436,186,10,true,23.032,2,-0.0467205822894904,0.0800916098932059,0.719404040696938,2026-06-04 08:40:27.531877
6293e2c8-bd14-4301-9321-13c537b29436,194,10,true,7.373,3,0.0800916098932059,0.242852401882351,0.707424934425487,2026-06-04 08:40:37.20737
6293e2c8-bd14-4301-9321-13c537b29436,183,10,true,3.18,4,0.242852401882351,0.345009537554892,0.685926752665673,2026-06-04 08:45:34.27624
6293e2c8-bd14-4301-9321-13c537b29436,187,10,true,3.007,4,0.345009537554892,0.436557637284169,0.667284221877278,2026-06-04 08:45:39.250249
6293e2c8-bd14-4301-9321-13c537b29436,195,10,true,6.648,3,0.436557637284169,0.569308901246619,0.654361482535639,2026-06-04 08:45:47.756553
6293e2c8-bd14-4301-9321-13c537b29436,198,10,true,1.867,4,0.569308901246619,0.692553377704169,0.640627129670228,2026-06-04 08:45:51.785904
6293e2c8-bd14-4301-9321-13c537b29436,200,10,true,2.145,4,0.692553377704169,0.832975430596707,0.632412707471145,2026-06-04 08:45:56.632222
6293e2c8-bd14-4301-9321-13c537b29436,186,10,true,3.668,4,0.832975430596707,0.892138858875813,0.619405696002455,2026-06-04 08:46:02.503105
6293e2c8-bd14-4301-9321-13c537b29436,203,10,true,4.103,4,0.892138858875813,1.01851098552119,0.609524188814651,2026-06-04 08:46:08.520798
6293e2c8-bd14-4301-9321-13c537b29436,202,10,false,8.216,1,1.01851098552119,0.818500508959083,0.575389234894093,2026-06-04 08:46:19.354836
6293e2c8-bd14-4301-9321-13c537b29436,201,10,false,4.044,1,0.818500508959083,0.657533468271142,0.550653118125404,2026-06-04 08:46:25.736866
6293e2c8-bd14-4301-9321-13c537b29436,196,10,true,10.718,3,0.657533468271142,0.744779526333542,0.537986213078776,2026-06-04 08:46:38.91851
6293e2c8-bd14-4301-9321-13c537b29436,199,10,true,22.509,2,0.744779526333542,0.825645383685992,0.52620115049874,2026-06-04 08:47:04.024639
6293e2c8-bd14-4301-9321-13c537b29436,197,10,false,7.134,1,0.825645383685992,0.660979985057484,0.512072700564865,2026-06-04 08:47:14.019161
6293e2c8-bd14-4301-9321-13c537b29436,190,10,true,1.742,4,0.660979985057484,0.718430863738659,0.501703488304819,2026-06-04 08:47:17.697298
6293e2c8-bd14-4301-9321-13c537b29436,193,10,false,5.207,1,0.718430863738659,0.559413775533314,0.495104823049942,2026-06-04 08:47:24.886384
6293e2c8-bd14-4301-9321-13c537b29436,202,10,false,2.148,1,0.559413775533314,0.456664094928409,0.482883644200989,2026-06-04 08:47:28.912962
6293e2c8-bd14-4301-9321-13c537b29436,201,10,false,12.009,1,0.456664094928409,0.365724567927222,0.473147882239167,2026-06-04 08:47:42.992603
6293e2c8-bd14-4301-9321-13c537b29436,191,10,true,3.128,4,0.365724567927222,0.422022172570609,0.462708603463779,2026-06-04 08:47:48.440474
6293e2c8-bd14-4301-9321-13c537b29436,189,10,true,2.706,4,0.422022172570609,0.474732372557919,0.453316180827478,2026-06-04 08:47:53.064596
6293e2c8-bd14-4301-9321-13c537b29436,192,10,false,8.054,1,0.474732372557919,0.354265365098568,0.451151219011579,2026-06-04 08:48:03.060984
6293e2c8-bd14-4301-9321-13c537b29436,179,10,true,5.211,4,0.354265365098568,0.384452071168752,0.443649816246328,2026-06-04 08:48:11.261946
6293e2c8-bd14-4301-9321-13c537b29436,182,10,true,2.161,4,0.384452071168752,0.412983869754108,0.436901253848769,2026-06-04 08:48:15.580196
6293e2c8-bd14-4301-9321-13c537b29436,197,10,true,3.847,4,0.412983869754108,0.47401153149053,0.429636701627732,2026-06-04 08:48:21.227383
6293e2c8-bd14-4301-9321-13c537b29436,180,10,true,14.513,3,0.47401153149053,0.499065705979816,0.424091226819699,2026-06-04 08:48:37.899578
6293e2c8-bd14-4301-9321-13c537b29436,193,10,true,4.496,4,0.499065705979816,0.542094875570131,0.417693866036574,2026-06-04 08:48:44.334163
6293e2c8-bd14-4301-9321-13c537b29436,202,10,true,2.83,4,0.542094875570131,0.60730815845715,0.413885790097128,2026-06-04 08:48:49.480806
6293e2c8-bd14-4301-9321-13c537b29436,201,10,false,5.556,1,0.60730815845715,0.531714732729242,0.405951293447842,2026-06-04 08:48:57.896648
6293e2c8-bd14-4301-9321-13c537b29436,181,10,true,2.546,4,0.531714732729242,0.553120591892981,0.401455637757528,2026-06-04 08:49:02.711003
6293e2c8-bd14-4301-9321-13c537b29436,192,10,false,2.207,1,0.553120591892981,0.454816599725181,0.39885042513466,2026-06-04 08:49:06.965741
6293e2c8-bd14-4301-9321-13c537b29436,192,10,true,3.668,4,0.454816599725181,0.493782755769828,0.393164699448804,2026-06-04 08:50:12.831424
6293e2c8-bd14-4301-9321-13c537b29436,188,10,true,2.715,4,0.493782755769828,0.522409442275893,0.388186191213956,2026-06-04 08:50:17.522783
6293e2c8-bd14-4301-9321-13c537b29436,201,10,true,2.444,4,0.522409442275893,0.579274451931705,0.385032940086697,2026-06-04 08:50:22.064791
6293e2c8-bd14-4301-9321-13c537b29436,194,10,true,3.193,4,0.579274451931705,0.624909308162031,0.380064945421303,2026-06-04 08:50:49.877292
aeeb6933-0e5c-44a9-a802-34fdd2e54976,127,9,false,3.284,2,0,0.355480336648676,0.811107476785477,2026-06-04 09:28:52.084025
aeeb6933-0e5c-44a9-a802-34fdd2e54976,120,9,false,2.239,2,0.355480336648676,0.0226658342816047,0.768906133218063,2026-06-04 09:28:59.964041
aeeb6933-0e5c-44a9-a802-34fdd2e54976,125,9,false,3.139,2,0.0226658342816047,-0.1953067344047,0.728141622882709,2026-06-04 09:29:09.079465
aeeb6933-0e5c-44a9-a802-34fdd2e54976,118,9,false,17.618,1,-0.1953067344047,-0.465396398550478,0.702638367617207,2026-06-04 09:29:29.613414
aeeb6933-0e5c-44a9-a802-34fdd2e54976,115,9,true,3.314,3,-0.465396398550478,-0.247461785889518,0.654507081906696,2026-06-04 09:29:45.19172
aeeb6933-0e5c-44a9-a802-34fdd2e54976,108,9,true,5.964,4,-0.247461785889518,-0.0746636594923285,0.618778403426868,2026-06-04 09:29:53.665376
aeeb6933-0e5c-44a9-a802-34fdd2e54976,112,9,true,4.335,4,-0.0746636594923285,0.016620514090043,0.605213710651282,2026-06-04 09:30:00.523133
aeeb6933-0e5c-44a9-a802-34fdd2e54976,129,9,false,3.443,2,0.016620514090043,-0.0857170993284048,0.582070519422728,2026-06-04 09:30:19.861376
aeeb6933-0e5c-44a9-a802-34fdd2e54976,110,9,true,3.315,3,-0.0857170993284048,0.00976167008818548,0.560185679759228,2026-06-04 09:30:32.212066
aeeb6933-0e5c-44a9-a802-34fdd2e54976,118,9,true,25.882,3,0.00976167008818548,0.188657162240916,0.537950713933111,2026-06-04 09:31:00.546197
aeeb6933-0e5c-44a9-a802-34fdd2e54976,124,9,false,1.576,2,0.188657162240916,0.0646655236760072,0.519302383415352,2026-06-04 09:31:12.119109
aeeb6933-0e5c-44a9-a802-34fdd2e54976,113,9,true,19.124,3,0.0646655236760072,0.187439330706774,0.501147723174479,2026-06-04 09:31:33.640638
aeeb6933-0e5c-44a9-a802-34fdd2e54976,130,9,true,3.669,3,0.187439330706774,0.387079078523084,0.482239569937709,2026-06-04 09:33:23.555543
aeeb6933-0e5c-44a9-a802-34fdd2e54976,117,9,true,49.39,2,0.387079078523084,0.444772848338773,0.476299216716363,2026-06-04 09:34:16.216989
aeeb6933-0e5c-44a9-a802-34fdd2e54976,120,9,false,3.331,2,0.444772848338773,0.314633849446744,0.464385757595044,2026-06-04 09:34:37.729761
aeeb6933-0e5c-44a9-a802-34fdd2e54976,125,9,false,4.163,2,0.314633849446744,0.213705713759769,0.451686239459638,2026-06-04 09:34:58.574304
aeeb6933-0e5c-44a9-a802-34fdd2e54976,127,9,false,32.084,2,0.213705713759769,0.30021210118022,0.426346827391679,2026-06-04 09:35:34.309543
aeeb6933-0e5c-44a9-a802-34fdd2e54976,129,9,false,2.981,2,0.30021210118022,0.235953187237102,0.416588552703431,2026-06-04 09:35:54.850907
aeeb6933-0e5c-44a9-a802-34fdd2e54976,116,9,true,2.89,4,0.235953187237102,0.282195938146532,0.411890989586335,2026-06-04 09:36:29.071476
aeeb6933-0e5c-44a9-a802-34fdd2e54976,111,9,true,24.238,2,0.282195938146532,0.31746356713128,0.407073351283673,2026-06-04 09:36:55.501213
aeeb6933-0e5c-44a9-a802-34fdd2e54976,124,9,true,2.525,3,0.31746356713128,0.412617442260241,0.396013733007507,2026-06-04 09:37:29.646594
aeeb6933-0e5c-44a9-a802-34fdd2e54976,121,9,false,13.113,1,0.412617442260241,0.333971284585057,0.388201291603738,2026-06-04 09:38:41.608531
aeeb6933-0e5c-44a9-a802-34fdd2e54976,106,9,false,2.26,1,0.333971284585057,0.218276975984388,0.385453614568087,2026-06-04 09:39:02.576253
aeeb6933-0e5c-44a9-a802-34fdd2e54976,107,9,true,3.846,4,0.218276975984388,0.242070419789179,0.381791552129082,2026-06-04 09:39:09.211193
aeeb6933-0e5c-44a9-a802-34fdd2e54976,126,9,true,8.578,3,0.242070419789179,0.297413059499852,0.381663347618584,2026-06-04 09:39:42.021836
aeeb6933-0e5c-44a9-a802-34fdd2e54976,121,9,true,3.774,4,0.297413059499852,0.346062093093371,0.378589685167142,2026-06-04 09:39:47.702831
aeeb6933-0e5c-44a9-a802-34fdd2e54976,115,9,false,2.739,1,0.346062093093371,0.249224144122649,0.37514021247484,2026-06-04 09:39:53.221097
aeeb6933-0e5c-44a9-a802-34fdd2e54976,117,9,true,9.28,3,0.249224144122649,0.286793822749163,0.371482980258726,2026-06-04 09:40:04.846056
aeeb6933-0e5c-44a9-a802-34fdd2e54976,106,9,true,3.195,4,0.286793822749163,0.30790691654367,0.36822146674789,2026-06-04 09:40:09.927612
aeeb6933-0e5c-44a9-a802-34fdd2e54976,120,9,false,3.04,2,0.30790691654367,0.232466009309529,0.363991261055617,2026-06-04 09:40:17.539435
aeeb6933-0e5c-44a9-a802-34fdd2e54976,122,9,false,24.144,2,0.232466009309529,0.250938370104404,0.350957982417124,2026-06-04 09:40:44.268484
aeeb6933-0e5c-44a9-a802-34fdd2e54976,110,9,true,3.347,3,0.250938370104404,0.278568233020632,0.346623213051609,2026-06-04 09:40:52.335836
aeeb6933-0e5c-44a9-a802-34fdd2e54976,115,9,true,2.776,3,0.278568233020632,0.316026991333004,0.341612768762744,2026-06-04 09:40:58.762808
aeeb6933-0e5c-44a9-a802-34fdd2e54976,118,9,true,11.461,3,0.316026991333004,0.377789999379939,0.336108771874731,2026-06-04 09:41:16.85337
aeeb6933-0e5c-44a9-a802-34fdd2e54976,125,9,true,4.08,3,0.377789999379939,0.441803992238567,0.330162820814372,2026-06-04 09:41:25.400179
aeeb6933-0e5c-44a9-a802-34fdd2e54976,127,9,true,7.154,4,0.441803992238567,0.540197933616711,0.325394729865419,2026-06-04 09:41:34.860725
aeeb6933-0e5c-44a9-a802-34fdd2e54976,113,9,true,8.364,4,0.540197933616711,0.578565693309324,0.321539454159614,2026-06-04 09:41:45.509274
aeeb6933-0e5c-44a9-a802-34fdd2e54976,129,9,false,2.519,2,0.578565693309324,0.53294995562755,0.316092844646929,2026-06-04 09:41:52.505518
aeeb6933-0e5c-44a9-a802-34fdd2e54976,111,9,true,2.811,4,0.53294995562755,0.550937731171269,0.314251759397968,2026-06-04 09:43:29.14906
aeeb6933-0e5c-44a9-a802-34fdd2e54976,130,9,false,3.567,2,0.550937731171269,0.508186770217066,0.309321370965617,2026-06-04 09:43:37.065824
aeeb6933-0e5c-44a9-a802-34fdd2e54976,137,10,true,3.096,4,0,0.21265513648086,0.960302260616898,2026-06-04 09:30:05.446442
aeeb6933-0e5c-44a9-a802-34fdd2e54976,149,10,true,5.293,4,0.21265513648086,0.475817457705493,0.934737100728762,2026-06-04 09:30:12.825958
aeeb6933-0e5c-44a9-a802-34fdd2e54976,148,10,false,2.396,1,0.475817457705493,0.0873552821175652,0.861464372225168,2026-06-04 09:30:24.963782
aeeb6933-0e5c-44a9-a802-34fdd2e54976,152,10,true,2.003,4,0.0873552821175652,0.309148256438457,0.837091737530654,2026-06-04 09:31:04.692364
aeeb6933-0e5c-44a9-a802-34fdd2e54976,148,10,true,2.164,4,0.309148256438457,0.511878745298548,0.805825590086766,2026-06-04 09:31:38.063301
aeeb6933-0e5c-44a9-a802-34fdd2e54976,153,10,false,2.788,1,0.511878745298548,0.20671886578885,0.768386972891431,2026-06-04 09:31:43.106348
aeeb6933-0e5c-44a9-a802-34fdd2e54976,146,10,true,1.817,4,0.20671886578885,0.353337888820332,0.735398665680141,2026-06-04 09:31:46.864001
aeeb6933-0e5c-44a9-a802-34fdd2e54976,145,10,true,4.752,4,0.353337888820332,0.482379251688747,0.705825397678295,2026-06-04 09:31:53.5184
aeeb6933-0e5c-44a9-a802-34fdd2e54976,154,10,false,3.097,1,0.482379251688747,0.294013022506256,0.675011145700983,2026-06-04 09:31:58.629232
aeeb6933-0e5c-44a9-a802-34fdd2e54976,142,10,true,16.978,2,0.294013022506256,0.406613574735564,0.649028319448277,2026-06-04 09:32:17.759768
aeeb6933-0e5c-44a9-a802-34fdd2e54976,150,10,true,6.229,3,0.406613574735564,0.533090540010316,0.627556699871745,2026-06-04 09:32:25.881169
aeeb6933-0e5c-44a9-a802-34fdd2e54976,151,10,true,4.482,4,0.533090540010316,0.648228800375675,0.607438198777998,2026-06-04 09:32:32.309435
aeeb6933-0e5c-44a9-a802-34fdd2e54976,158,10,false,4.081,1,0.648228800375675,0.488969916609179,0.586382422015151,2026-06-04 09:32:38.328324
aeeb6933-0e5c-44a9-a802-34fdd2e54976,155,10,false,5.23,1,0.488969916609179,0.355297675730724,0.571327247852008,2026-06-04 09:32:45.843704
aeeb6933-0e5c-44a9-a802-34fdd2e54976,153,10,true,6.013,3,0.355297675730724,0.456667947275698,0.552745155851511,2026-06-04 09:32:54.093204
aeeb6933-0e5c-44a9-a802-34fdd2e54976,157,10,false,4.814,1,0.456667947275698,0.339933995933165,0.54165414951023,2026-06-04 09:33:01.138132
aeeb6933-0e5c-44a9-a802-34fdd2e54976,154,10,true,4.095,4,0.339933995933165,0.444690940722917,0.529808402890021,2026-06-04 09:33:07.117411
aeeb6933-0e5c-44a9-a802-34fdd2e54976,156,10,true,4.14,4,0.444690940722917,0.545329090417627,0.517474028032223,2026-06-04 09:33:13.481047
aeeb6933-0e5c-44a9-a802-34fdd2e54976,158,10,true,7.354,3,0.545329090417627,0.641260888989017,0.50502245787028,2026-06-04 09:34:25.767881
aeeb6933-0e5c-44a9-a802-34fdd2e54976,155,10,false,2.521,1,0.641260888989017,0.529300558038914,0.497384983267131,2026-06-04 09:34:30.426114
aeeb6933-0e5c-44a9-a802-34fdd2e54976,157,10,false,9.667,1,0.529300558038914,0.428891605830478,0.49179891722491,2026-06-04 09:34:50.120208
aeeb6933-0e5c-44a9-a802-34fdd2e54976,155,10,false,3.151,1,0.428891605830478,0.337786230817595,0.487740253921316,2026-06-04 09:35:40.80876
aeeb6933-0e5c-44a9-a802-34fdd2e54976,144,10,true,5.255,4,0.337786230817595,0.398154639156527,0.471977314722283,2026-06-04 09:35:48.281989
aeeb6933-0e5c-44a9-a802-34fdd2e54976,157,10,false,4.525,1,0.398154639156527,0.315798892056446,0.468470739967897,2026-06-04 09:36:02.294305
aeeb6933-0e5c-44a9-a802-34fdd2e54976,143,10,true,8.154,3,0.315798892056446,0.372150365548083,0.454317979936798,2026-06-04 09:36:13.393235
aeeb6933-0e5c-44a9-a802-34fdd2e54976,147,10,true,8.527,3,0.372150365548083,0.424164158772061,0.441997459009021,2026-06-04 09:36:23.888231
aeeb6933-0e5c-44a9-a802-34fdd2e54976,155,10,false,18.672,1,0.424164158772061,0.349869693039186,0.43846231100223,2026-06-04 09:37:16.587724
aeeb6933-0e5c-44a9-a802-34fdd2e54976,157,10,false,2.665,1,0.349869693039186,0.280895339236828,0.435735335980621,2026-06-04 09:37:21.412015
aeeb6933-0e5c-44a9-a802-34fdd2e54976,140,10,true,1.726,4,0.280895339236828,0.320850369225551,0.424682346969161,2026-06-04 09:37:33.643103
aeeb6933-0e5c-44a9-a802-34fdd2e54976,141,10,true,3.485,4,0.320850369225551,0.357998873982652,0.415010297538334,2026-06-04 09:37:39.062696
aeeb6933-0e5c-44a9-a802-34fdd2e54976,138,10,true,29.66,2,0.357998873982652,0.392746833634027,0.406460381040033,2026-06-04 09:38:11.067507
aeeb6933-0e5c-44a9-a802-34fdd2e54976,142,10,true,2.801,4,0.392746833634027,0.434336905023873,0.398298753801756,2026-06-04 09:38:15.784409
aeeb6933-0e5c-44a9-a802-34fdd2e54976,155,10,true,2.98,4,0.434336905023873,0.493853422574161,0.392598733506997,2026-06-04 09:38:20.647951
aeeb6933-0e5c-44a9-a802-34fdd2e54976,157,10,true,3.761,4,0.493853422574161,0.551673212488773,0.386895861467248,2026-06-04 09:38:26.346102
aeeb6933-0e5c-44a9-a802-34fdd2e54976,139,10,true,2.523,4,0.551673212488773,0.578608128933905,0.381017253592838,2026-06-04 09:38:47.413651
aeeb6933-0e5c-44a9-a802-34fdd2e54976,136,10,true,8.844,3,0.578608128933905,0.604272305046894,0.375661003712009,2026-06-04 09:38:58.500817
aeeb6933-0e5c-44a9-a802-34fdd2e54976,131,10,true,3.411,4,0.604272305046894,0.621694123120611,0.371734041238208,2026-06-04 09:39:14.513311
aeeb6933-0e5c-44a9-a802-34fdd2e54976,132,10,true,2.491,4,0.621694123120611,0.638503167399176,0.368077159172628,2026-06-04 09:39:18.870358
aeeb6933-0e5c-44a9-a802-34fdd2e54976,135,10,false,2.496,1,0.638503167399176,0.526397626905857,0.371985990697213,2026-06-04 09:39:23.206975
aeeb6933-0e5c-44a9-a802-34fdd2e54976,134,10,true,2.164,4,0.526397626905857,0.544482122881275,0.36796811614813,2026-06-04 09:39:27.195504
aeeb6933-0e5c-44a9-a802-34fdd2e54976,133,10,true,2.298,4,0.544482122881275,0.561917365101465,0.3642256676743,2026-06-04 09:39:31.323513
aeeb6933-0e5c-44a9-a802-34fdd2e54976,135,10,true,2.214,4,0.561917365101465,0.578756591257898,0.360727253093468,2026-06-04 09:41:03.175744
aeeb6933-0e5c-44a9-a802-34fdd2e54976,150,10,true,4.551,4,0.578756591257898,0.619018303773054,0.35588031749147,2026-06-04 09:43:19.634885
aeeb6933-0e5c-44a9-a802-34fdd2e54976,153,10,true,2.573,4,0.619018303773054,0.657691166360103,0.351291137659339,2026-06-04 09:43:24.399613
aeeb6933-0e5c-44a9-a802-34fdd2e54976,138,10,false,6.195,1,0.657691166360103,0.565820085766108,0.352099736145712,2026-06-04 09:43:49.748603
b79ef8e1-fb33-4a40-95da-0c942106f63f,273,9,false,10.115,2,0,-0.28733065834868,0.850696707205518,2026-06-04 07:57:59.274071
b79ef8e1-fb33-4a40-95da-0c942106f63f,274,9,false,8.028,2,-0.28733065834868,-0.455211615713245,0.743969146843332,2026-06-04 07:58:46.394387
b79ef8e1-fb33-4a40-95da-0c942106f63f,275,9,false,4.081,2,-0.455211615713245,-0.759586497039135,0.694709307928899,2026-06-04 07:58:59.799059
b79ef8e1-fb33-4a40-95da-0c942106f63f,278,9,false,4.149,1,-0.759586497039135,-0.999987106421183,0.656491346961362,2026-06-04 07:59:25.452354
b79ef8e1-fb33-4a40-95da-0c942106f63f,279,9,true,22.173,3,-0.999987106421183,-0.716406539989471,0.630440418527928,2026-06-04 07:59:53.062462
b79ef8e1-fb33-4a40-95da-0c942106f63f,280,9,false,4.552,2,-0.716406539989471,-0.880321276356155,0.602496922835111,2026-06-04 08:00:16.449052
b79ef8e1-fb33-4a40-95da-0c942106f63f,278,9,true,7.74,4,-0.880321276356155,-0.646443947720412,0.580339138972134,2026-06-04 08:00:41.546508
b79ef8e1-fb33-4a40-95da-0c942106f63f,283,9,false,7.615,2,-0.646443947720412,-0.564371609662503,0.542525020677439,2026-06-04 08:01:11.306783
b79ef8e1-fb33-4a40-95da-0c942106f63f,284,9,true,35.87,3,-0.564371609662503,-0.360702826990622,0.528273994985841,2026-06-04 08:01:52.470745
b79ef8e1-fb33-4a40-95da-0c942106f63f,285,9,false,6.6,2,-0.360702826990622,-0.469774877007378,0.511359544961465,2026-06-04 08:02:26.210626
b79ef8e1-fb33-4a40-95da-0c942106f63f,287,9,true,14.607,3,-0.469774877007378,-0.244403270413537,0.499696953024566,2026-06-04 08:03:01.882891
b79ef8e1-fb33-4a40-95da-0c942106f63f,276,9,true,5.405,4,-0.244403270413537,-0.179414978970138,0.493984956685509,2026-06-04 08:03:09.654374
b79ef8e1-fb33-4a40-95da-0c942106f63f,277,9,false,24.379,1,-0.179414978970138,-0.312065025750656,0.479772544964568,2026-06-04 08:03:36.251503
b79ef8e1-fb33-4a40-95da-0c942106f63f,273,9,false,7.421,2,-0.312065025750656,-0.375162249375844,0.457739650861828,2026-06-04 08:03:46.928599
b79ef8e1-fb33-4a40-95da-0c942106f63f,272,9,true,2.711,4,-0.375162249375844,-0.328291522513123,0.452373907842083,2026-06-04 08:03:54.685802
b79ef8e1-fb33-4a40-95da-0c942106f63f,274,9,true,9.078,3,-0.328291522513123,-0.238762385588853,0.442024639308698,2026-06-04 08:04:27.054786
b79ef8e1-fb33-4a40-95da-0c942106f63f,275,9,true,41.4,3,-0.238762385588853,-0.177808921925571,0.433808843596402,2026-06-04 08:05:21.686941
b79ef8e1-fb33-4a40-95da-0c942106f63f,277,9,true,6.433,3,-0.177808921925571,-0.129519321625316,0.430308485390136,2026-06-04 08:05:32.557913
b79ef8e1-fb33-4a40-95da-0c942106f63f,280,9,true,17.376,3,-0.129519321625316,-0.0564782132885064,0.422567928394167,2026-06-04 08:06:15.653221
b79ef8e1-fb33-4a40-95da-0c942106f63f,281,9,true,10.543,3,-0.0564782132885064,-0.0043235935975988,0.420719146155474,2026-06-04 08:06:47.512103
b79ef8e1-fb33-4a40-95da-0c942106f63f,283,9,true,31.313,3,-0.0043235935975988,0.101087073111981,0.414667578075863,2026-06-04 08:07:21.094981
b79ef8e1-fb33-4a40-95da-0c942106f63f,282,9,true,10.404,3,0.101087073111981,0.149062293948086,0.412608945802099,2026-06-04 08:07:34.056691
b79ef8e1-fb33-4a40-95da-0c942106f63f,285,9,false,41.514,2,0.149062293948086,0.0615573803049395,0.40227380834933,2026-06-04 08:08:51.617972
b79ef8e1-fb33-4a40-95da-0c942106f63f,273,9,true,8.945,4,0.0615573803049395,0.118876613822049,0.396272168917981,2026-06-04 08:09:47.960786
b79ef8e1-fb33-4a40-95da-0c942106f63f,286,9,false,11.164,1,0.118876613822049,0.0524571141151715,0.386385432959177,2026-06-04 08:10:01.627576
b79ef8e1-fb33-4a40-95da-0c942106f63f,279,9,false,6.804,2,0.0524571141151715,0.0174725511993452,0.373691446220404,2026-06-04 08:10:10.511805
b79ef8e1-fb33-4a40-95da-0c942106f63f,288,9,false,11.295,1,0.0174725511993452,-0.0569606510993248,0.365273905206841,2026-06-04 08:11:03.755282
b79ef8e1-fb33-4a40-95da-0c942106f63f,286,9,false,13.474,1,-0.0569606510993248,-0.107497236405604,0.35849540352401,2026-06-04 08:11:24.063616
b79ef8e1-fb33-4a40-95da-0c942106f63f,289,9,false,36.802,2,-0.107497236405604,-0.154540852411694,0.352440116555318,2026-06-04 08:12:11.193208
b79ef8e1-fb33-4a40-95da-0c942106f63f,286,9,true,4.523,4,-0.154540852411694,-0.110457975975806,0.352344644360413,2026-06-04 08:13:03.2158
b79ef8e1-fb33-4a40-95da-0c942106f63f,284,9,true,10.37,3,-0.110457975975806,-0.0327120008202662,0.347325612724658,2026-06-04 08:13:15.937689
b79ef8e1-fb33-4a40-95da-0c942106f63f,288,9,false,7.706,1,-0.0327120008202662,-0.0956576565751844,0.341319891812128,2026-06-04 08:13:26.567871
b79ef8e1-fb33-4a40-95da-0c942106f63f,287,9,true,9.482,3,-0.0956576565751844,-0.000365833297467322,0.336815831515127,2026-06-04 08:13:40.591887
b79ef8e1-fb33-4a40-95da-0c942106f63f,290,9,false,15.386,2,-0.000365833297467322,-0.0451041825799476,0.331714475437739,2026-06-04 08:14:15.683403
b79ef8e1-fb33-4a40-95da-0c942106f63f,274,9,true,9.183,3,-0.0451041825799476,-0.00315989806671471,0.3274060870757,2026-06-04 08:15:03.894829
b79ef8e1-fb33-4a40-95da-0c942106f63f,285,9,true,5.111,3,-0.00315989806671471,0.0491360320752066,0.323205606947798,2026-06-04 08:15:31.418391
b79ef8e1-fb33-4a40-95da-0c942106f63f,277,9,true,5.91,4,0.0491360320752066,0.073767869082158,0.321321423612864,2026-06-04 08:15:41.594653
b79ef8e1-fb33-4a40-95da-0c942106f63f,275,9,true,20.141,3,0.073767869082158,0.100008999054396,0.318352874361223,2026-06-04 08:16:08.060723
b79ef8e1-fb33-4a40-95da-0c942106f63f,280,9,true,13.761,3,0.100008999054396,0.135410184043095,0.315049068774587,2026-06-04 08:16:45.601028
b79ef8e1-fb33-4a40-95da-0c942106f63f,281,9,true,4.594,4,0.135410184043095,0.163242666255895,0.313807303736372,2026-06-04 08:16:54.429252
b79ef8e1-fb33-4a40-95da-0c942106f63f,288,9,false,10.375,1,0.163242666255895,0.10605064223039,0.308809129103782,2026-06-04 08:17:20.314724
b79ef8e1-fb33-4a40-95da-0c942106f63f,283,9,false,7.536,2,0.10605064223039,0.101502323365909,0.302098879722805,2026-06-04 08:17:31.903166
b79ef8e1-fb33-4a40-95da-0c942106f63f,282,9,true,13.797,3,0.101502323365909,0.12743814403688,0.300956467694085,2026-06-04 08:17:50.458787
b79ef8e1-fb33-4a40-95da-0c942106f63f,289,9,false,24.036,2,0.12743814403688,0.0884365341425778,0.296912306298616,2026-06-04 08:18:30.110553
b79ef8e1-fb33-4a40-95da-0c942106f63f,288,9,true,5.325,4,0.0884365341425778,0.157504588408465,0.294096505198449,2026-06-04 08:18:48.691049
b79ef8e1-fb33-4a40-95da-0c942106f63f,291,9,true,25.251,3,0.157504588408465,0.242042113702724,0.292055029019592,2026-06-04 08:19:16.6106
b79ef8e1-fb33-4a40-95da-0c942106f63f,292,9,true,9.661,3,0.242042113702724,0.323911416485093,0.290096892474053,2026-06-04 08:19:29.002864
b79ef8e1-fb33-4a40-95da-0c942106f63f,293,9,true,25.188,3,0.323911416485093,0.391701528848925,0.287171111169547,2026-06-04 08:20:13.98492
b79ef8e1-fb33-4a40-95da-0c942106f63f,279,9,false,7.144,2,0.391701528848925,0.360347290099869,0.282123583422147,2026-06-04 08:20:24.271172
b79ef8e1-fb33-4a40-95da-0c942106f63f,290,9,true,9.187,3,0.360347290099869,0.406329645146215,0.279420448944581,2026-06-04 08:20:45.009865
b79ef8e1-fb33-4a40-95da-0c942106f63f,294,9,false,17.127,2,0.406329645146215,0.375829003977725,0.275667981633681,2026-06-04 08:21:28.562621
b79ef8e1-fb33-4a40-95da-0c942106f63f,289,9,true,8.067,3,0.375829003977725,0.419436692106261,0.273078922579821,2026-06-04 08:25:05.267748
b79ef8e1-fb33-4a40-95da-0c942106f63f,285,9,true,6.38,3,0.419436692106261,0.44861251366633,0.271070149079005,2026-06-04 08:26:24.112995
b79ef8e1-fb33-4a40-95da-0c942106f63f,254,10,true,3.813,4,0,0.21265513648086,0.960302260616898,2026-06-04 07:58:06.060557
b79ef8e1-fb33-4a40-95da-0c942106f63f,264,10,false,8.091,1,0.21265513648086,-0.146632277066706,0.874462836406754,2026-06-04 07:58:16.34726
b79ef8e1-fb33-4a40-95da-0c942106f63f,255,10,true,9.889,3,-0.146632277066706,0.0299747773263758,0.841519300620553,2026-06-04 07:58:28.394327
b79ef8e1-fb33-4a40-95da-0c942106f63f,256,10,true,5.321,4,0.0299747773263758,0.184375155432612,0.809940687315387,2026-06-04 07:58:36.0636
b79ef8e1-fb33-4a40-95da-0c942106f63f,265,10,true,6.97,3,0.184375155432612,0.381534262487112,0.791400427816448,2026-06-04 07:59:09.404917
b79ef8e1-fb33-4a40-95da-0c942106f63f,266,10,true,3.262,4,0.381534262487112,0.563177857556017,0.767998065197864,2026-06-04 07:59:14.854408
b79ef8e1-fb33-4a40-95da-0c942106f63f,264,10,true,2.418,4,0.563177857556017,0.727256662153785,0.742681902768613,2026-06-04 07:59:19.337713
b79ef8e1-fb33-4a40-95da-0c942106f63f,269,10,false,11.251,1,0.727256662153785,0.485790831203804,0.697075957188691,2026-06-04 08:00:30.907895
b79ef8e1-fb33-4a40-95da-0c942106f63f,267,10,false,14.784,1,0.485790831203804,0.252583781782217,0.671965526476474,2026-06-04 08:00:59.692946
b79ef8e1-fb33-4a40-95da-0c942106f63f,269,10,true,6.356,3,0.252583781782217,0.408049238210358,0.66064161762617,2026-06-04 08:02:02.799897
b79ef8e1-fb33-4a40-95da-0c942106f63f,267,10,true,7.872,3,0.408049238210358,0.538563328292063,0.637353737493424,2026-06-04 08:02:13.895186
b79ef8e1-fb33-4a40-95da-0c942106f63f,268,10,true,14.235,3,0.538563328292063,0.656784964230874,0.615455348473734,2026-06-04 08:02:43.919504
b79ef8e1-fb33-4a40-95da-0c942106f63f,259,10,true,6.064,3,0.656784964230874,0.738802743192654,0.596370871257603,2026-06-04 08:04:03.372481
b79ef8e1-fb33-4a40-95da-0c942106f63f,260,10,true,4.94,4,0.738802743192654,0.813005415389352,0.580141704466017,2026-06-04 08:04:10.640544
b79ef8e1-fb33-4a40-95da-0c942106f63f,261,10,true,3.325,4,0.813005415389352,0.880707171883645,0.56624135231689,2026-06-04 08:04:15.912624
b79ef8e1-fb33-4a40-95da-0c942106f63f,262,10,true,5.302,4,0.880707171883645,0.942946134387602,0.554234015820122,2026-06-04 08:04:34.968656
b79ef8e1-fb33-4a40-95da-0c942106f63f,270,10,true,14.645,3,0.942946134387602,1.04467081999353,0.544244337075623,2026-06-04 08:05:51.625739
b79ef8e1-fb33-4a40-95da-0c942106f63f,271,10,false,8.856,1,1.04467081999353,0.879504741241538,0.521645493870926,2026-06-04 08:06:27.408932
b79ef8e1-fb33-4a40-95da-0c942106f63f,263,10,true,4.811,4,0.879504741241538,0.932677813436612,0.511535553508051,2026-06-04 08:06:34.700548
b79ef8e1-fb33-4a40-95da-0c942106f63f,271,10,false,9.85,1,0.932677813436612,0.794188358681529,0.494256437257204,2026-06-04 08:07:46.628776
b79ef8e1-fb33-4a40-95da-0c942106f63f,257,10,true,4.169,4,0.794188358681529,0.831627110968949,0.485859542398286,2026-06-04 08:07:53.151342
b79ef8e1-fb33-4a40-95da-0c942106f63f,258,10,true,7.041,3,0.831627110968949,0.866835854289166,0.478410257598241,2026-06-04 08:08:02.601964
b79ef8e1-fb33-4a40-95da-0c942106f63f,271,10,false,8.305,1,0.866835854289166,0.749168848789139,0.464254905641244,2026-06-04 08:09:02.968467
b79ef8e1-fb33-4a40-95da-0c942106f63f,255,10,true,16.645,2,0.749168848789139,0.783145862522806,0.457200329250568,2026-06-04 08:09:23.25308
b79ef8e1-fb33-4a40-95da-0c942106f63f,265,10,true,11.158,3,0.783145862522806,0.841738981404505,0.449379975115681,2026-06-04 08:09:36.872844
b79ef8e1-fb33-4a40-95da-0c942106f63f,271,10,true,2.304,4,0.841738981404505,0.912802011415818,0.443491763387136,2026-06-04 08:10:19.398892
b79ef8e1-fb33-4a40-95da-0c942106f63f,251,10,true,3.307,4,0.912802011415818,0.931912315968001,0.439414697262863,2026-06-04 08:10:24.614407
b79ef8e1-fb33-4a40-95da-0c942106f63f,252,10,true,9.799,3,0.931912315968001,0.950344605848721,0.435631011218762,2026-06-04 08:10:36.494381
b79ef8e1-fb33-4a40-95da-0c942106f63f,253,10,true,2.568,4,0.950344605848721,0.968155614421464,0.43210546198541,2026-06-04 08:10:41.03967
b79ef8e1-fb33-4a40-95da-0c942106f63f,250,10,true,7.098,3,0.968155614421464,0.985394598881111,0.428808739226099,2026-06-04 08:10:50.350304
b79ef8e1-fb33-4a40-95da-0c942106f63f,267,10,true,13.148,3,0.985394598881111,1.03251640444049,0.423429957028179,2026-06-04 08:12:28.149624
b79ef8e1-fb33-4a40-95da-0c942106f63f,269,10,false,9.274,1,1.03251640444049,0.929461801185246,0.410895476364567,2026-06-04 08:12:41.584042
b79ef8e1-fb33-4a40-95da-0c942106f63f,268,10,false,11.512,1,0.929461801185246,0.821122351485663,0.402916218578879,2026-06-04 08:12:56.444255
b79ef8e1-fb33-4a40-95da-0c942106f63f,269,10,true,7.529,3,0.821122351485663,0.879335326904935,0.398782310051687,2026-06-04 08:13:50.209333
b79ef8e1-fb33-4a40-95da-0c942106f63f,268,10,false,21.385,1,0.879335326904935,0.779078274500011,0.392298704889076,2026-06-04 08:14:48.47806
b79ef8e1-fb33-4a40-95da-0c942106f63f,268,10,false,24.519,1,0.879335326904935,0.779078274500011,0.392298704889076,2026-06-04 08:14:49.616387
b79ef8e1-fb33-4a40-95da-0c942106f63f,268,10,false,29.97,1,0.779078274500011,0.599450463310753,0.382392529404271,2026-06-04 08:14:50.878029
b79ef8e1-fb33-4a40-95da-0c942106f63f,259,10,true,5.217,4,0.599450463310753,0.633016636301763,0.377406689691663,2026-06-04 08:15:12.297368
b79ef8e1-fb33-4a40-95da-0c942106f63f,268,10,true,10.179,3,0.633016636301763,0.676099630011136,0.372431120959232,2026-06-04 08:16:20.788957
b79ef8e1-fb33-4a40-95da-0c942106f63f,270,10,true,9.539,3,0.676099630011136,0.727690730813485,0.368882703261186,2026-06-04 08:17:07.047705
b79ef8e1-fb33-4a40-95da-0c942106f63f,258,10,true,7.887,3,0.727690730813485,0.749404657087118,0.365234728458225,2026-06-04 08:18:41.085512
b79ef8e1-fb33-4a40-95da-0c942106f63f,255,10,false,5.571,1,0.749404657087118,0.648304316775326,0.364689929002948,2026-06-04 08:19:38.348324
b79ef8e1-fb33-4a40-95da-0c942106f63f,255,10,true,2.871,4,0.648304316775326,0.670678270577143,0.36091956856577,2026-06-04 08:20:50.543363
b79ef8e1-fb33-4a40-95da-0c942106f63f,252,10,true,5.617,4,0.670678270577143,0.685835762450522,0.358115206142704,2026-06-04 08:20:58.53772
b79ef8e1-fb33-4a40-95da-0c942106f63f,250,10,true,3.891,4,0.685835762450522,0.700568893241385,0.355464552024298,2026-06-04 08:21:04.642307
b79ef8e1-fb33-4a40-95da-0c942106f63f,269,10,true,4.883,4,0.700568893241385,0.747611242400906,0.352597187901242,2026-06-04 08:24:50.836223
b79ef8e1-fb33-4a40-95da-0c942106f63f,268,10,true,4.136,4,0.747611242400906,0.78372139043236,0.348815111721711,2026-06-04 08:26:31.025494
c9b59e23-51f2-4ddf-b071-54382e01cdb7,335,9,false,5.999,1,0,-0.440731679203721,0.89724036693526,2026-06-04 11:43:58.548519
c9b59e23-51f2-4ddf-b071-54382e01cdb7,327,9,true,10.652,3,-0.440731679203721,-0.0339371713304141,0.823879170076761,2026-06-04 11:44:12.094551
c9b59e23-51f2-4ddf-b071-54382e01cdb7,336,9,true,10.48,3,-0.0339371713304141,0.436379538108821,0.764841699214099,2026-06-04 11:44:25.239065
c9b59e23-51f2-4ddf-b071-54382e01cdb7,342,9,false,3.514,2,0.436379538108821,0.220907105894326,0.70979904739843,2026-06-04 11:44:35.4775
c9b59e23-51f2-4ddf-b071-54382e01cdb7,343,9,false,4.154,2,0.220907105894326,0.0591348828040661,0.672080880162761,2026-06-04 11:44:43.262928
c9b59e23-51f2-4ddf-b071-54382e01cdb7,331,9,true,3.171,4,0.0591348828040661,0.303109006885467,0.629845812177469,2026-06-04 11:44:50.911328
c9b59e23-51f2-4ddf-b071-54382e01cdb7,333,9,false,5.141,2,0.303109006885467,0.095942204402247,0.609196513180098,2026-06-04 11:45:09.046074
c9b59e23-51f2-4ddf-b071-54382e01cdb7,335,9,false,7.661,2,0.095942204402247,0.16394340372687,0.55479794407303,2026-06-04 11:45:19.832506
c9b59e23-51f2-4ddf-b071-54382e01cdb7,332,9,false,16.088,1,0.16394340372687,-0.0244206251391938,0.543269369108821,2026-06-04 11:45:38.60893
c9b59e23-51f2-4ddf-b071-54382e01cdb7,326,9,true,3.796,4,-0.0244206251391938,0.114854521046018,0.520013628664736,2026-06-04 11:45:45.730174
c9b59e23-51f2-4ddf-b071-54382e01cdb7,328,9,false,3.322,2,0.114854521046018,-0.0491030649231532,0.509418032558979,2026-06-04 11:45:58.773934
c9b59e23-51f2-4ddf-b071-54382e01cdb7,321,9,true,7.504,4,-0.0491030649231532,0.0479016106701415,0.492037081536058,2026-06-04 11:46:08.660102
c9b59e23-51f2-4ddf-b071-54382e01cdb7,324,9,true,9.999,3,0.0479016106701415,0.103911153593737,0.484404354231921,2026-06-04 11:46:28.010391
c9b59e23-51f2-4ddf-b071-54382e01cdb7,325,9,false,3.833,1,0.103911153593737,-0.0388948207566951,0.474738529130736,2026-06-04 11:46:33.812397
c9b59e23-51f2-4ddf-b071-54382e01cdb7,323,9,true,17.466,3,-0.0388948207566951,0.0230149915233301,0.463129260397845,2026-06-04 11:48:03.385977
c9b59e23-51f2-4ddf-b071-54382e01cdb7,325,9,true,4.99,4,0.0230149915233301,0.0733880994227285,0.456989415611309,2026-06-04 11:48:11.72166
c9b59e23-51f2-4ddf-b071-54382e01cdb7,332,9,true,8.118,4,0.0733880994227285,0.192781751396851,0.445086590958545,2026-06-04 11:48:22.258794
c9b59e23-51f2-4ddf-b071-54382e01cdb7,342,9,false,5.505,1,0.192781751396851,0.128337614323494,0.433701331896938,2026-06-04 11:50:18.719644
c9b59e23-51f2-4ddf-b071-54382e01cdb7,343,9,true,4.654,3,0.128337614323494,0.28410593522151,0.420777737840972,2026-06-04 11:50:34.475554
c9b59e23-51f2-4ddf-b071-54382e01cdb7,333,9,true,2.765,3,0.28410593522151,0.357539774188766,0.411791529271092,2026-06-04 11:51:16.860169
c9b59e23-51f2-4ddf-b071-54382e01cdb7,335,9,false,3.469,2,0.357539774188766,0.369494100048327,0.393705396846315,2026-06-04 11:51:22.980025
c9b59e23-51f2-4ddf-b071-54382e01cdb7,342,9,true,2.077,3,0.369494100048327,0.488845176523579,0.38457376364036,2026-06-04 11:51:32.564454
c9b59e23-51f2-4ddf-b071-54382e01cdb7,328,9,true,3.087,3,0.488845176523579,0.528685127788302,0.379341511402546,2026-06-04 11:51:39.212539
c9b59e23-51f2-4ddf-b071-54382e01cdb7,330,9,true,3.818,4,0.528685127788302,0.562711211755205,0.376557885105995,2026-06-04 11:51:45.506114
c9b59e23-51f2-4ddf-b071-54382e01cdb7,329,9,true,8.371,3,0.562711211755205,0.595704753439395,0.373855246336562,2026-06-04 11:52:03.665571
c9b59e23-51f2-4ddf-b071-54382e01cdb7,334,9,true,6.27,3,0.595704753439395,0.638579282301912,0.371465890031718,2026-06-04 11:53:05.892034
c9b59e23-51f2-4ddf-b071-54382e01cdb7,322,9,true,13.028,3,0.638579282301912,0.671983295432091,0.367308398950182,2026-06-04 11:53:21.41326
c9b59e23-51f2-4ddf-b071-54382e01cdb7,339,9,false,9.378,1,0.671983295432091,0.608903903321914,0.358348922435637,2026-06-04 11:53:33.438884
c9b59e23-51f2-4ddf-b071-54382e01cdb7,337,9,false,3.485,2,0.608903903321914,0.536951667630327,0.351188023376958,2026-06-04 11:54:17.468087
c9b59e23-51f2-4ddf-b071-54382e01cdb7,327,9,true,7.171,4,0.536951667630327,0.581599705433209,0.346556148142253,2026-06-04 11:54:27.159485
c9b59e23-51f2-4ddf-b071-54382e01cdb7,336,9,true,12.67,3,0.581599705433209,0.659508617282935,0.341501832579515,2026-06-04 11:54:41.915529
c9b59e23-51f2-4ddf-b071-54382e01cdb7,339,9,true,3.269,4,0.659508617282935,0.703532502512066,0.340833911233884,2026-06-04 11:54:47.209134
c9b59e23-51f2-4ddf-b071-54382e01cdb7,338,9,false,3.742,2,0.703532502512066,0.635116834298393,0.334522311721872,2026-06-04 11:55:12.729222
c9b59e23-51f2-4ddf-b071-54382e01cdb7,319,9,true,1.609,4,0.635116834298393,0.648328829615531,0.332882780730538,2026-06-04 11:55:21.762714
c9b59e23-51f2-4ddf-b071-54382e01cdb7,320,9,true,2.502,4,0.648328829615531,0.661273972836683,0.331302261210956,2026-06-04 11:55:26.030437
c9b59e23-51f2-4ddf-b071-54382e01cdb7,341,9,true,11.79,3,0.661273972836683,0.754082576356655,0.327150122072354,2026-06-04 11:56:37.946485
c9b59e23-51f2-4ddf-b071-54382e01cdb7,324,9,true,4.266,4,0.754082576356655,0.770707858187563,0.325474158620453,2026-06-04 11:56:44.175073
c9b59e23-51f2-4ddf-b071-54382e01cdb7,340,9,false,10.454,1,0.770707858187563,0.699913235111838,0.318776237935221,2026-06-04 11:57:01.088912
c9b59e23-51f2-4ddf-b071-54382e01cdb7,335,9,false,8.027,2,0.699913235111838,0.689236237223342,0.31004442297081,2026-06-04 11:57:11.515599
c9b59e23-51f2-4ddf-b071-54382e01cdb7,299,10,true,5,4,0,0.21265513648086,0.960302260616898,2026-06-04 11:46:15.863483
c9b59e23-51f2-4ddf-b071-54382e01cdb7,305,10,true,46.966,2,0.21265513648086,0.430437960762445,0.926219606118423,2026-06-04 11:49:20.865903
c9b59e23-51f2-4ddf-b071-54382e01cdb7,304,10,false,5.31,1,0.430437960762445,0.00146532690639716,0.859840695696397,2026-06-04 11:49:29.172283
c9b59e23-51f2-4ddf-b071-54382e01cdb7,301,10,false,8.801,1,0.00146532690639716,-0.387076604305484,0.811378718799879,2026-06-04 11:49:40.131305
c9b59e23-51f2-4ddf-b071-54382e01cdb7,295,10,true,2.304,4,-0.387076604305484,-0.247023710366522,0.780286495900058,2026-06-04 11:49:44.888378
c9b59e23-51f2-4ddf-b071-54382e01cdb7,303,10,true,11.17,3,-0.247023710366522,-0.0983280203842852,0.754937364100251,2026-06-04 11:49:58.258982
c9b59e23-51f2-4ddf-b071-54382e01cdb7,300,10,true,6.768,3,-0.0983280203842852,0.0345870161010051,0.730917023223513,2026-06-04 11:50:08.403364
c9b59e23-51f2-4ddf-b071-54382e01cdb7,304,10,false,20.54,1,0.0345870161010051,-0.206513117521986,0.697520477019224,2026-06-04 11:50:58.100571
c9b59e23-51f2-4ddf-b071-54382e01cdb7,301,10,false,7.882,1,-0.206513117521986,-0.454605467580518,0.675028133797136,2026-06-04 11:51:08.13967
c9b59e23-51f2-4ddf-b071-54382e01cdb7,297,10,true,5.328,4,-0.454605467580518,-0.352090997074167,0.652316182028786,2026-06-04 11:51:53.030087
c9b59e23-51f2-4ddf-b071-54382e01cdb7,304,10,true,19.546,2,-0.352090997074167,-0.227769018514455,0.639274201794202,2026-06-04 11:52:25.360751
c9b59e23-51f2-4ddf-b071-54382e01cdb7,301,10,true,4.626,4,-0.227769018514455,-0.125164154502094,0.621697581203163,2026-06-04 11:52:31.906282
c9b59e23-51f2-4ddf-b071-54382e01cdb7,302,10,false,5.413,1,-0.125164154502094,-0.333266176630145,0.605869836029243,2026-06-04 11:52:39.508946
c9b59e23-51f2-4ddf-b071-54382e01cdb7,296,10,false,7.736,1,-0.333266176630145,-0.555652508731418,0.598311743806968,2026-06-04 11:52:49.628821
c9b59e23-51f2-4ddf-b071-54382e01cdb7,298,10,true,3.688,4,-0.555652508731418,-0.470414729988773,0.580048637758349,2026-06-04 11:52:57.61325
c9b59e23-51f2-4ddf-b071-54382e01cdb7,306,10,false,6.089,1,-0.470414729988773,-0.591897247955077,0.568697666334843,2026-06-04 11:53:41.964197
c9b59e23-51f2-4ddf-b071-54382e01cdb7,302,10,true,3.561,4,-0.591897247955077,-0.500132026832511,0.554306478151206,2026-06-04 11:53:47.439995
c9b59e23-51f2-4ddf-b071-54382e01cdb7,308,10,true,2.769,4,-0.500132026832511,-0.406589620763772,0.544651786789767,2026-06-04 11:53:52.063126
c9b59e23-51f2-4ddf-b071-54382e01cdb7,296,10,true,2.14,4,-0.406589620763772,-0.339667211526027,0.530666634041674,2026-06-04 11:53:56.098163
c9b59e23-51f2-4ddf-b071-54382e01cdb7,307,10,false,11.92,1,-0.339667211526027,-0.450181124828569,0.521393132646909,2026-06-04 11:54:09.97762
c9b59e23-51f2-4ddf-b071-54382e01cdb7,306,10,true,9.012,3,-0.450181124828569,-0.367109166268941,0.512770906952202,2026-06-04 11:54:59.295962
c9b59e23-51f2-4ddf-b071-54382e01cdb7,305,10,true,4.081,4,-0.367109166268941,-0.287367433424233,0.504302076599135,2026-06-04 11:55:05.571885
c9b59e23-51f2-4ddf-b071-54382e01cdb7,307,10,false,2.922,1,-0.287367433424233,-0.390566089618,0.496900115190319,2026-06-04 11:55:18.197549
c9b59e23-51f2-4ddf-b071-54382e01cdb7,310,10,false,1.914,1,-0.390566089618,-0.462409940337574,0.489104628831388,2026-06-04 11:55:29.761928
c9b59e23-51f2-4ddf-b071-54382e01cdb7,309,10,true,3.342,4,-0.462409940337574,-0.382729942852637,0.484982100055767,2026-06-04 11:55:34.945787
c9b59e23-51f2-4ddf-b071-54382e01cdb7,311,10,true,4.92,4,-0.382729942852637,-0.303542861318409,0.480344153269785,2026-06-04 11:55:41.942518
c9b59e23-51f2-4ddf-b071-54382e01cdb7,312,10,true,11.658,3,-0.303542861318409,-0.225247493311811,0.475236737686755,2026-06-04 11:55:55.748263
c9b59e23-51f2-4ddf-b071-54382e01cdb7,313,10,true,3.497,4,-0.225247493311811,-0.148215379927754,0.469723826102745,2026-06-04 11:56:01.315659
c9b59e23-51f2-4ddf-b071-54382e01cdb7,314,10,true,2.207,4,-0.148215379927754,-0.072549855873332,0.469375498380127,2026-06-04 11:56:05.740058
c9b59e23-51f2-4ddf-b071-54382e01cdb7,316,10,false,2.057,1,-0.072549855873332,-0.129037570385994,0.462030131800874,2026-06-04 11:56:09.727537
c9b59e23-51f2-4ddf-b071-54382e01cdb7,318,10,true,2.724,4,-0.129037570385994,-0.0555283827227763,0.46079129379595,2026-06-04 11:56:14.587319
c9b59e23-51f2-4ddf-b071-54382e01cdb7,315,10,false,2.092,1,-0.0555283827227763,-0.110645352288392,0.45440089459316,2026-06-04 11:56:18.744048
c9b59e23-51f2-4ddf-b071-54382e01cdb7,307,10,false,3.001,1,-0.110645352288392,-0.203457742773503,0.452592233623657,2026-06-04 11:56:23.901493
c9b59e23-51f2-4ddf-b071-54382e01cdb7,310,10,true,2.541,4,-0.203457742773503,-0.13343630495213,0.445844164786688,2026-06-04 11:56:48.505345
c9b59e23-51f2-4ddf-b071-54382e01cdb7,316,10,false,9.787,1,-0.13343630495213,-0.181444379987758,0.441068413695523,2026-06-04 11:57:23.550558
c9b59e23-51f2-4ddf-b071-54382e01cdb7,307,10,false,3.687,1,-0.181444379987758,-0.265857445705998,0.440507142526122,2026-06-04 11:57:29.677924
c9b59e23-51f2-4ddf-b071-54382e01cdb7,315,10,false,1.622,1,-0.265857445705998,-0.307229077564607,0.436847432198122,2026-06-04 11:57:33.372808